{
  "swagger" : "2.0",
  "info" : {
    "version" : "1.0",
    "title" : "Summary about the new REST service.",
    "description" : "Summary about the new REST service."
  },
  "host" : "localhost:8080",
  "basePath" : "/",
  "schemes" : [ "http" ],
  "paths" : {
    "/discount/{discount_id}" : {
      "get" : {
        "summary" : "",
        "description" : "",
        "operationId" : "get-discount",
        "consumes" : [ "application/json" ],
        "produces" : [ "application/json" ],
        "parameters" : [ {
          "name" : "discount_id",
          "in" : "path",
          "description" : "",
          "type" : "string",
          "required" : true
        } ],
        "responses" : {
          "200" : {
            "description" : "a discount_showtime to be returned",
            "schema" : {
              "$ref" : "#/definitions/discount_showtime"
            }
          }
        }
      }
    }
  },
  "definitions" : {
    "discount_showtime" : {
      "type" : "object",
      "properties" : {
        "discount_time" : {
          "$ref" : "#/definitions/discount_time"
        }
      }
    },
    "discount_time" : {
      "type" : "object",
      "required" : [ "discount_id" ],
      "properties" : {
        "discount_id" : {
          "type" : "string"
        },
        "discount" : {
          "type" : "number"
        },
        "time_from" : {
          "type" : "string"
        },
        "time_to" : {
          "type" : "string"
        }
      }
    }
  }
}