{"records": [
    {
        "jsonSchemaLocation": "/Movies.module/Service Descriptors/movies.module.Process-Cinemas.json",
        "conversionType": "linked"
    },
    {
        "jsonSchemaLocation": "/Movies.module/Service Descriptors/movies.module.Process-Cinemas.json",
        "conversionType": "linked",
        "xsdSchemaTargetNamespace": "http://www.seyforaonline.com/Cinemas"
    },
    {
        "jsonSchemaLocation": "/Movies.module/Service Descriptors/movies.module.Process-Resource.json",
        "conversionType": "linked",
        "xsdSchemaTargetNamespace": "http://www.abc.com/Cinemas"
    },
    {
        "jsonSchemaLocation": "/Movies.module/Service Descriptors/movies.module.Process-Cinemas.json",
        "conversionType": "linked",
        "xsdSchemaTargetNamespace": "http://www.abc.com/Cinemas"
    },
    {
        "jsonSchemaLocation": "/Movies.module/Service Descriptors/movies.module.Process-Cinemas.json",
        "conversionType": "linked",
        "xsdSchemaTargetNamespace": "http://www.abc.com/Movies"
    }
]}