{
  "swagger" : "2.0",
  "info" : {
    "version" : "1.0",
    "title" : "Summary about the new REST service.",
    "description" : "Summary about the new REST service."
  },
  "host" : "localhost:8080",
  "basePath" : "/",
  "schemes" : [ "http" ],
  "paths" : {
    "/showtime/{mid}{cid}" : {
      "get" : {
        "summary" : "",
        "description" : "",
        "operationId" : "get-showtime",
        "consumes" : [ "application/json" ],
        "produces" : [ "application/json" ],
        "parameters" : [ {
          "name" : "mid",
          "in" : "path",
          "description" : "",
          "type" : "string",
          "required" : true
        }, {
          "name" : "cid",
          "in" : "path",
          "description" : "",
          "type" : "string",
          "required" : true
        } ],
        "responses" : {
          "200" : {
            "description" : "a Showtime to be returned",
            "schema" : {
              "$ref" : "#/definitions/Showtime"
            }
          }
        }
      }
    },
    "/showtimes" : {
      "get" : {
        "summary" : "",
        "description" : "",
        "operationId" : "get-showtimes",
        "consumes" : [ "application/json" ],
        "produces" : [ "application/json" ],
        "parameters" : [ ],
        "responses" : {
          "200" : {
            "description" : "a Showtimes to be returned",
            "schema" : {
              "$ref" : "#/definitions/Showtimes"
            }
          }
        }
      }
    }
  },
  "definitions" : {
    "Showtimes" : {
      "type" : "object",
      "required" : [ "Showtime" ],
      "properties" : {
        "Showtime" : {
          "type" : "array",
          "items" : {
            "$ref" : "#/definitions/Showtime",
            "uniqueItems" : false
          }
        }
      }
    },
    "Showtime" : {
      "type" : "object",
      "required" : [ "mid", "time", "sid", "cid", "discount_id" ],
      "properties" : {
        "sid" : {
          "type" : "string"
        },
        "mid" : {
          "type" : "string"
        },
        "cid" : {
          "type" : "string"
        },
        "discount_id" : {
          "type" : "string"
        },
        "time" : {
          "type" : "string"
        }
      }
    }
  }
}