{
  "swagger" : "2.0",
  "info" : {
    "version" : "1.0",
    "title" : "Cinemas Service",
    "description" : "Cinemas Service"
  },
  "host" : "localhost:8080",
  "basePath" : "/",
  "schemes" : [ "http" ],
  "paths" : {
    "/movie/{title}" : {
      "get" : {
        "summary" : "",
        "description" : "",
        "operationId" : "get-movie",
        "consumes" : [ "application/json" ],
        "produces" : [ "application/json" ],
        "parameters" : [ {
          "name" : "title",
          "in" : "path",
          "description" : "",
          "type" : "string",
          "required" : true
        } ],
        "responses" : {
          "200" : {
            "description" : "a Movie to be returned",
            "schema" : {
              "$ref" : "#/definitions/Movie"
            }
          }
        }
      }
    },
    "/cinemas" : {
      "get" : {
        "summary" : "",
        "description" : "",
        "operationId" : "get-cinemas",
        "consumes" : [ "application/json" ],
        "produces" : [ "application/json" ],
        "parameters" : [ ],
        "responses" : {
          "200" : {
            "description" : "a Cinemas to be returned",
            "schema" : {
              "$ref" : "#/definitions/Cinemas"
            }
          }
        }
      }
    },
    "/movies" : {
      "get" : {
        "summary" : "",
        "description" : "",
        "operationId" : "get-movies",
        "consumes" : [ "application/json" ],
        "produces" : [ "application/json" ],
        "parameters" : [ ],
        "responses" : {
          "200" : {
            "description" : "a Movies to be returned",
            "schema" : {
              "$ref" : "#/definitions/Movies"
            }
          }
        }
      }
    },
    "/cinema/{name}" : {
      "get" : {
        "summary" : "",
        "description" : "",
        "operationId" : "get-cinema",
        "consumes" : [ "application/json" ],
        "produces" : [ "application/json" ],
        "parameters" : [ {
          "name" : "name",
          "in" : "path",
          "description" : "",
          "type" : "string",
          "required" : true
        } ],
        "responses" : {
          "200" : {
            "description" : "a Cinema to be returned",
            "schema" : {
              "$ref" : "#/definitions/Cinema"
            }
          }
        }
      }
    }
  },
  "definitions" : {
    "Movie" : {
      "type" : "object",
      "required" : [ "rating", "mid", "runtime", "language", "availability", "synopsis", "title" ],
      "properties" : {
        "title" : {
          "type" : "string"
        },
        "mid" : {
          "type" : "string"
        },
        "availability" : {
          "type" : "integer"
        },
        "rating" : {
          "type" : "string"
        },
        "synopsis" : {
          "type" : "string"
        },
        "language" : {
          "type" : "string"
        },
        "runtime" : {
          "type" : "integer"
        }
      }
    },
    "Movies" : {
      "type" : "object",
      "required" : [ "Movie" ],
      "properties" : {
        "Movie" : {
          "type" : "array",
          "items" : {
            "$ref" : "#/definitions/Movie",
            "uniqueItems" : false
          }
        }
      }
    },
    "Cinemas" : {
      "type" : "object",
      "required" : [ "Cinema" ],
      "properties" : {
        "Cinema" : {
          "type" : "array",
          "items" : {
            "$ref" : "#/definitions/Cinema",
            "uniqueItems" : false
          }
        }
      }
    },
    "Cinema" : {
      "type" : "object",
      "required" : [ "price", "name", "cid" ],
      "properties" : {
        "cid" : {
          "type" : "string"
        },
        "name" : {
          "type" : "string"
        },
        "price" : {
          "type" : "number"
        }
      }
    }
  }
}