{
  "swagger" : "2.0",
  "info" : {
    "version" : "1.0",
    "title" : "Reservations Service",
    "description" : "Reservations Service"
  },
  "host" : "localhost:8080",
  "basePath" : "/",
  "schemes" : [ "http" ],
  "paths" : {
    "/reservation/{rid}" : {
      "get" : {
        "summary" : "",
        "description" : "",
        "operationId" : "get-reservation",
        "consumes" : [ "application/json" ],
        "produces" : [ "application/json" ],
        "parameters" : [ {
          "name" : "rid",
          "in" : "path",
          "description" : "",
          "type" : "string",
          "required" : true
        } ],
        "responses" : {
          "200" : {
            "description" : "a Reservation to be returned",
            "schema" : {
              "$ref" : "#/definitions/Reservation"
            }
          }
        }
      }
    }
  },
  "definitions" : {
    "Reservation" : {
      "type" : "object",
      "required" : [ "uid", "quantity", "showtime", "mid", "rid", "cid", "discounted_price", "status" ],
      "properties" : {
        "rid" : {
          "type" : "integer"
        },
        "uid" : {
          "type" : "string"
        },
        "mid" : {
          "type" : "string"
        },
        "cid" : {
          "type" : "string"
        },
        "showtime" : {
          "type" : "string"
        },
        "quantity" : {
          "type" : "integer"
        },
        "discounted_price" : {
          "type" : "number"
        },
        "status" : {
          "type" : "integer"
        }
      }
    }
  }
}